{"cameraMode":{"drawMode":0,"name":"Shaded","section":"Shading Mode"},"sceneLighting":true,"audioPlay":false,"sceneViewState":{"showFog":true,"showMaterialUpdate":false,"showSkybox":true,"showFlares":true,"showImageEffects":true,"showParticleSystems":true},"in2DMode":false,"pivot":{"x":-19.35417938232422,"y":13.18235969543457,"z":-16.21722412109375},"rotation":{"x":-0.07947176694869995,"y":0.7754551768302918,"z":-0.09965363144874573,"w":-0.6184056401252747},"size":50.3795280456543,"orthographic":false}